{
    "filename": "baseline_data.csv",
    "row_count": 43337,
    "column_count": 8,
    "columns": [
        "NodeID",
        "Accel_X",
        "Accel_Y",
        "Accel_Z",
        "Gyro_X",
        "Gyro_Y",
        "Gyro_Z",
        "Timestamp"
    ],
    "missing_values": {
        "NodeID": 0,
        "Accel_X": 0,
        "Accel_Y": 0,
        "Accel_Z": 0,
        "Gyro_X": 0,
        "Gyro_Y": 0,
        "Gyro_Z": 0,
        "Timestamp": 0
    },
    "data_types": {
        "NodeID": "object",
        "Accel_X": "float64",
        "Accel_Y": "float64",
        "Accel_Z": "float64",
        "Gyro_X": "float64",
        "Gyro_Y": "float64",
        "Gyro_Z": "float64",
        "Timestamp": "object"
    },
    "summary_stats": {
        "Accel_X": {
            "count": 43337.0,
            "mean": -0.7594125079954773,
            "std": 0.24562320859266368,
            "min": -1.434448,
            "25%": -0.965698,
            "50%": -0.807251,
            "75%": -0.668823,
            "max": 0.056885
        },
        "Accel_Y": {
            "count": 43337.0,
            "mean": 0.05427431668089623,
            "std": 0.2217730522879403,
            "min": -1.066162,
            "25%": -0.053589,
            "50%": 0.021851,
            "75%": 0.239014,
            "max": 1.563599
        },
        "Accel_Z": {
            "count": 43337.0,
            "mean": 0.4876904118882249,
            "std": 0.26345544294089707,
            "min": -0.424194,
            "25%": 0.244751,
            "50%": 0.522705,
            "75%": 0.68457,
            "max": 1.749756
        },
        "Gyro_X": {
            "count": 43337.0,
            "mean": 2.050864045296167,
            "std": 13.44816639866611,
            "min": -76.904297,
            "25%": 1.525879,
            "50%": 2.441406,
            "75%": 5.249023,
            "max": 73.181152
        },
        "Gyro_Y": {
            "count": 43337.0,
            "mean": 0.5154799585573528,
            "std": 11.581033655873378,
            "min": -114.685059,
            "25%": -1.953125,
            "50%": 0.427246,
            "75%": 3.417969,
            "max": 45.959473
        },
        "Gyro_Z": {
            "count": 43337.0,
            "mean": -1.7240892974825208,
            "std": 7.445783393658325,
            "min": -61.828613,
            "25%": -3.78418,
            "50%": -1.647949,
            "75%": 0.0,
            "max": 113.220215
        }
    },
    "sampling_stats": {
        "median_interval_ms": 30.006,
        "inferred_fs_hz": 33.32666799973339,
        "max_gap_ms": 32.480000000000004,
        "min_gap_ms": 0.515
    }
}